"ID","Site","Plant_species","Abundance","Hostplant_or_flower","Comments","Photo_names"
"Student02___Ecol202_NatureJournal1_Butterflies",1,"Taraxacum officinale (dandelion)","occasional (easy to find with searching)","Adult on flower","","site one- dandelion"
"Student02___Ecol202_NatureJournal1_Butterflies",1,"Agapanthus Glenavon","common (easy to find anywhere)","Adult on flower","","site one- purple/blue flowers"
"Student02___Ecol202_NatureJournal1_Butterflies",2,"Trifolium species (clovers)","rare (hard to find)","Adult on flower","","Trifolium repens"
"Student02___Ecol202_NatureJournal1_Butterflies",2,"Brassica species","abundant (one of dominant species)","Adult on flower","","Brassica species"
