"ID","Site","Start_date","Start_time","Temperature","Wind","Sun","PrecipitationType","PrecipitationValue","SiteNotes"
"Student01___Ecol202_NatureJournal1_Butterflies",1,"40977","0.604166666666667","5 warm 16-22 °C","1 Leaves rustle (Beaufort 2)","20","N None","0 None","No host plants were present in the area and no plants were landed on during the count. Numbers of butterfly may have been increased by the plants in neighbouring yards."
"Student01___Ecol202_NatureJournal1_Butterflies",2,"40980","0.681250000000000","5 warm 16-22 °C","1 Leaves rustle (Beaufort 2)","20","N None","0 None","No host plants were found at the site. Butterflies were more common around the edges of the forest site."
"Student02___Ecol202_NatureJournal1_Butterflies",1,"40977","0.631944444444444","5 warm 16-22 °C","2 Leaves and branches in constant motion (Beaufort 3 and 4)","20","N None","0 None","very open"
"Student02___Ecol202_NatureJournal1_Butterflies",2,"40980","0.652777777777778","5 warm 16-22 °C","1 Leaves rustle (Beaufort 2)","20","N None","0 None",""
"Student03___Ecol202_NatureJournal1_Butterflies",1,"08/03/2012","18:10:00","5 warm 16-22 °C","2 Leaves and branches in constant motion (Beaufort 3 and 4)","7","N None","0 None","Could not find any of their host plants"
"Student03___Ecol202_NatureJournal1_Butterflies",2,"06/03/2012","18:36:00","5 warm 16-22 °C","1 Leaves rustle (Beaufort 2)","15","N None","3 Light","Could not find any of theire host plants."
