"ID","Site","butterfly_species","butterfly_IDcertainty","butterfly_lifestage","butterfly_CountLess10m_min","butterfly_CountLess10m_obs","butterfly_CountLess10m_max","butterfly_CountGreater10m_min","butterfly_CountGreater10m_obs","butterfly_CountGreater10m_max","butterfly_ActivityFlying","butterfly_ActivityOnFlower","butterfly_ActivityResting","butterfly_ActivityMating","butterfly_ActivityDead","butterfly_Comment"
"Student01___Ecol202_NatureJournal1_Butterflies",1,"Cabbage white","","Adult","2","1,1!,1,1","4","0","","0","Yes","No","No","No","No",""
"Student01___Ecol202_NatureJournal1_Butterflies",1,"Monarch","","Adult","1","1","1","0","","0","Yes","No","No","No","No",""
"Student01___Ecol202_NatureJournal1_Butterflies",1,"Yellow admiral","","Adult","0","","0","0","","0","No","No","No","No","No",""
"Student01___Ecol202_NatureJournal1_Butterflies",1,"Red admiral","","Adult","0","","0","0","","0","No","No","No","No","No",""
"Student01___Ecol202_NatureJournal1_Butterflies",1,"Magpie moth","","Adult","0","","0","0","","0","No","No","No","No","No",""
"Student01___Ecol202_NatureJournal1_Butterflies",1,"Southern Blue","","Adult","0","","0","0","","0","No","No","No","No","No",""
"Student01___Ecol202_NatureJournal1_Butterflies",1,"Common copper","","Adult","0","","0","0","","0","No","No","No","No","No",""
"Student01___Ecol202_NatureJournal1_Butterflies",1,"Glade copper","","Adult","0","","0","0","","0","No","No","No","No","No",""
"Student01___Ecol202_NatureJournal1_Butterflies",1,"Boulder copper","","Adult","0","","0","0","","0","No","No","No","No","No",""
"Student01___Ecol202_NatureJournal1_Butterflies",2,"Cabbage white","","Adult","2","1,1!","2","2","1,1!,1","3","Yes","No","No","No","No",""
"Student01___Ecol202_NatureJournal1_Butterflies",2,"Monarch","","Adult","1","1","1","1","1,1","2","Yes","No","No","No","Yes",""
"Student01___Ecol202_NatureJournal1_Butterflies",2,"Yellow admiral","","Adult","0","","0","0","","0","No","No","No","No","No",""
"Student01___Ecol202_NatureJournal1_Butterflies",2,"Red admiral","","Adult","0","","0","0","","0","No","No","No","No","No",""
"Student01___Ecol202_NatureJournal1_Butterflies",2,"Magpie moth","","Adult","0","","0","0","","0","No","No","No","No","No",""
"Student01___Ecol202_NatureJournal1_Butterflies",2,"Southern Blue","","Adult","0","","0","0","","0","No","No","No","No","No",""
"Student01___Ecol202_NatureJournal1_Butterflies",2,"Common copper","","Adult","0","","0","0","","0","No","No","No","No","No",""
"Student01___Ecol202_NatureJournal1_Butterflies",2,"Glade copper","","Adult","0","","0","0","","0","No","No","No","No","No",""
"Student01___Ecol202_NatureJournal1_Butterflies",2,"Boulder copper","","Adult","0","","0","0","","0","No","No","No","No","No",""
"Student02___Ecol202_NatureJournal1_Butterflies",1,"Cabbage white","","Adult","5","3-2+1","5","2","2-1+1","3","Yes","Yes","Yes","No","No",""
"Student02___Ecol202_NatureJournal1_Butterflies",1,"Monarch","","Adult","0","","0","0","","0","No","No","No","No","No",""
"Student02___Ecol202_NatureJournal1_Butterflies",1,"Yellow admiral","","Adult","0","","0","0","","0","No","No","No","No","No",""
"Student02___Ecol202_NatureJournal1_Butterflies",1,"Red admiral","","Adult","0","","0","0","","0","No","No","No","No","No",""
"Student02___Ecol202_NatureJournal1_Butterflies",1,"Magpie moth","","Adult","0","","0","0","","0","No","No","No","No","No",""
"Student02___Ecol202_NatureJournal1_Butterflies",1,"Southern Blue","","Adult","0","","0","0","","0","No","No","No","No","No",""
"Student02___Ecol202_NatureJournal1_Butterflies",1,"Common copper","","Adult","0","","0","0","","0","No","No","No","No","No",""
"Student02___Ecol202_NatureJournal1_Butterflies",1,"Glade copper","","Adult","0","","0","0","","0","No","No","No","No","No",""
"Student02___Ecol202_NatureJournal1_Butterflies",1,"Boulder copper","","Adult","0","","0","0","","0","No","No","No","No","No",""
"Student02___Ecol202_NatureJournal1_Butterflies",2,"Cabbage white","","Adult","5","5 that hung around","5","15","15 was max I could count. There were too many to be sure of a max!","15","Yes","Yes","No","Yes","No",""
"Student02___Ecol202_NatureJournal1_Butterflies",2,"Monarch","","Adult","0","","0","0","","0","No","No","No","No","No",""
"Student02___Ecol202_NatureJournal1_Butterflies",2,"Yellow admiral","","Adult","0","","0","0","","0","No","No","No","No","No",""
"Student02___Ecol202_NatureJournal1_Butterflies",2,"Red admiral","","Adult","0","","0","0","","0","No","No","No","No","No",""
"Student02___Ecol202_NatureJournal1_Butterflies",2,"Magpie moth","","Adult","0","","0","0","","0","No","No","No","No","No",""
"Student02___Ecol202_NatureJournal1_Butterflies",2,"Southern Blue","","Adult","3","3-3+2","5","0","","0","No","Yes","Yes","No","No",""
"Student02___Ecol202_NatureJournal1_Butterflies",2,"Common copper","","Adult","0","","0","0","","0","No","No","No","No","No",""
"Student02___Ecol202_NatureJournal1_Butterflies",2,"Glade copper","","Adult","0","","0","0","","0","No","No","No","No","No",""
"Student02___Ecol202_NatureJournal1_Butterflies",2,"Boulder copper","","Adult","0","","0","0","","0","No","No","No","No","No",""
"Student03___Ecol202_NatureJournal1_Butterflies",1,"Cabbage white","","Adult","2","2 + 1 + 1","4","1","1 + 1","2","Yes","No","Yes","No","No",""
"Student03___Ecol202_NatureJournal1_Butterflies",1,"Monarch","","Adult","0","","0","0","","0","No","No","No","No","No",""
"Student03___Ecol202_NatureJournal1_Butterflies",1,"Yellow admiral","","Adult","0","","0","0","","0","No","No","No","No","No",""
"Student03___Ecol202_NatureJournal1_Butterflies",1,"Red admiral","","Adult","1","1","1","0","","0","Yes","No","No","No","No",""
"Student03___Ecol202_NatureJournal1_Butterflies",1,"Magpie moth","","Adult","0","","0","0","","0","No","No","No","No","No",""
"Student03___Ecol202_NatureJournal1_Butterflies",1,"Southern Blue","","Adult","0","","0","0","","0","No","No","No","No","No",""
"Student03___Ecol202_NatureJournal1_Butterflies",1,"Common copper","","Adult","0","","0","0","","0","No","No","No","No","No",""
"Student03___Ecol202_NatureJournal1_Butterflies",1,"Glade copper","","Adult","0","","0","0","","0","No","No","No","No","No",""
"Student03___Ecol202_NatureJournal1_Butterflies",1,"Boulder copper","","Adult","0","","0","0","","0","No","No","No","No","No",""
"Student03___Ecol202_NatureJournal1_Butterflies",2,"Cabbage white","","Adult","1","1 + 1","2","0","","0","Yes","No","No","No","No",""
"Student03___Ecol202_NatureJournal1_Butterflies",2,"Monarch","","Adult","0","","0","0","","0","No","No","No","No","No",""
"Student03___Ecol202_NatureJournal1_Butterflies",2,"Yellow admiral","","Adult","1","1","1","0","","0","Yes","No","No","No","No",""
"Student03___Ecol202_NatureJournal1_Butterflies",2,"Red admiral","","Adult","0","","0","0","","0","No","No","No","No","No",""
"Student03___Ecol202_NatureJournal1_Butterflies",2,"Magpie moth","","Adult","0","","0","0","","0","No","No","No","No","No",""
"Student03___Ecol202_NatureJournal1_Butterflies",2,"Southern Blue","","Adult","2","2 + 1 + 1","4","0","","0","Yes","No","No","No","No",""
"Student03___Ecol202_NatureJournal1_Butterflies",2,"Common copper","","Adult","0","","0","0","","0","No","No","No","No","No",""
"Student03___Ecol202_NatureJournal1_Butterflies",2,"Glade copper","","Adult","0","","0","0","","0","No","No","No","No","No",""
"Student03___Ecol202_NatureJournal1_Butterflies",2,"Boulder copper","","Adult","0","","0","0","","0","No","No","No","No","No",""
