"ID","Site","Site_name","Co_observer","Latitude","Longitude","Coordinate_source","radius_m","Region","Simple_habitat_category","Most_common_habitat_type","Second_most_common","Third_most_common","Habitat_notes","Student_Lincoln_ID","Student_name","My_butterfly_identification_expertise"
"Student01___Ecol202_NatureJournal1_Butterflies",1,"My Backyard","","-43.500399999999999","172.717711900000012","Google Maps","5m","Canterbury","Suburban","Garden","Lawn","","There were no host plants in the area.","987654321","Hemi Cook","1. Learning"
"Student01___Ecol202_NatureJournal1_Butterflies",2,"Rawhiti Domain","","-43.503166399999998","172.722575100000000","Google Maps","25","Canterbury","Forest-like","Woodland (trees &gt;5m, &lt;75% cover)","Shrubs","","","987654321","Hemi Cook","1. Learning"
"Student02___Ecol202_NatureJournal1_Butterflies",1,"Lincoln University (Calder Drive)","","-43.643206757663599","172.464907765388006","Google Maps","30 metres","Canterbury","Suburban","lawn","garden","shrubs","","12345678","Joe Bloggs","1. Learning"
"Student02___Ecol202_NatureJournal1_Butterflies",2,"Selwyn River","Josephine Bloggs","-43.688812283350202","172.374710440634999","Google Maps","50 metres","Canterbury","Tussockland-like","Short tussock (&lt;0.75m or &lt;25% tall tussock)","Grassland","Riverbed (stony)","","12345678","Joe Bloggs","1. Learning"
"Student03___Ecol202_NatureJournal1_Butterflies",1,"Farm Road 16","","-43.645545100000000","172.462182200000001","Google Maps","15 meter","Canterbury","Suburban","Garden","Lawn","Hedge","Lots of disturbance by humans.","12345432","Ngaire Smith","1. Learning"
"Student03___Ecol202_NatureJournal1_Butterflies",2,"Liffey Domain River","","-43.643994792356800","172.489321231842013","Google Maps","15 meters","Canterbury","Forest-like","Urban/Rural","Park","Lake/pond","","12345432","Ngaire Smith","1. Learning"
